{"cameraMode":{"drawMode":0,"name":"Shaded","section":"Shading Mode"},"sceneLighting":false,"audioPlay":false,"sceneViewState":{"m_AlwaysRefresh":false,"showFog":true,"showSkybox":false,"showFlares":true,"showImageEffects":true,"showParticleSystems":true,"showVisualEffectGraphs":true,"m_FxEnabled":true},"in2DMode":false,"pivot":{"x":14.652706146240235,"y":2.400001049041748,"z":-0.880549430847168},"rotation":{"x":0.14844666421413423,"y":-0.005933483596891165,"z":0.0008906888542696834,"w":0.98890221118927},"size":3.125699996948242,"orthographic":true}