{"cameraMode":{"drawMode":0,"name":"Shaded","section":"Shading Mode"},"sceneLighting":true,"audioPlay":false,"sceneViewState":{"m_AlwaysRefresh":false,"showFog":true,"showSkybox":true,"showFlares":true,"showImageEffects":true,"showParticleSystems":true,"showVisualEffectGraphs":true,"m_FxEnabled":true},"in2DMode":false,"pivot":{"x":2.2450551986694338,"y":12.398605346679688,"z":0.2760371267795563},"rotation":{"x":0.28407588601112368,"y":0.6408369541168213,"z":-0.27700603008270266,"w":0.6571963429450989},"size":11.925422668457032,"orthographic":true}