{"cameraMode":{"drawMode":0,"name":"Shaded","section":"Shading Mode"},"sceneLighting":true,"audioPlay":false,"sceneViewState":{"m_AlwaysRefresh":false,"showFog":true,"showSkybox":true,"showFlares":true,"showImageEffects":true,"showParticleSystems":true,"showVisualEffectGraphs":true,"m_FxEnabled":true},"in2DMode":false,"pivot":{"x":13.989029884338379,"y":1.088208556175232,"z":9.858209609985352},"rotation":{"x":0.5851758122444153,"y":0.04857952520251274,"z":-0.03515274450182915,"w":0.8086866736412048},"size":7.3244757652282719,"orthographic":false}