{"cameraMode":{"drawMode":0,"name":"Shaded","section":"Shading Mode"},"sceneLighting":true,"audioPlay":false,"sceneViewState":{"m_AlwaysRefresh":false,"showFog":true,"showSkybox":true,"showFlares":true,"showImageEffects":true,"showParticleSystems":true,"showVisualEffectGraphs":true,"m_FxEnabled":true},"in2DMode":false,"pivot":{"x":-1.904364824295044,"y":1.2320928573608399,"z":8.273100852966309},"rotation":{"x":-0.021540718153119088,"y":0.9539747834205627,"z":-0.2908152937889099,"w":-0.07055608928203583},"size":2.2312941551208498,"orthographic":false}